{
  "top1-AUC": 0.6877449997673363,
  "top10-AUC": 0.6780087770477403,
  "top100-AUC": 0.6463167295009838
}