{
  "top1-AUC": 0.41721315778358675,
  "top10-AUC": 0.41564480240368545,
  "top100-AUC": 0.3996001765204615
}