{
  "top1-AUC": 0.963931697670788,
  "top10-AUC": 0.8973887398248724,
  "top100-AUC": 0.8847372450759166
}