{
  "top1-AUC": 0.8771801593983866,
  "top10-AUC": 0.8745807269051433,
  "top100-AUC": 0.8499028219775375
}