{
  "top1-AUC": 0.9476854880632912,
  "top10-AUC": 0.946449112509939,
  "top100-AUC": 0.9390013396873741
}