{
  "top1-AUC": 0.7193926418398126,
  "top10-AUC": 0.6876006293711386,
  "top100-AUC": 0.6582145237889853
}