{
  "top1-AUC": 0.9177138968515588,
  "top10-AUC": 0.8762862904831205,
  "top100-AUC": 0.865555034561087
}