{
  "top1-AUC": 0.8632170000000488,
  "top10-AUC": 0.8520149999999408,
  "top100-AUC": 0.8333499999998728
}