{
  "top1-AUC": 0.5456175571314787,
  "top10-AUC": 0.5278620410010845,
  "top100-AUC": 0.49754728675604776
}