{
  "top1-AUC": 0.7721178776476537,
  "top10-AUC": 0.7420207456407235,
  "top100-AUC": 0.7214628085798656
}