{
  "top1-AUC": 0.8498948679100077,
  "top10-AUC": 0.8438563681182087,
  "top100-AUC": 0.8260274693166021
}