{
  "top1-AUC": 0.4132436664486515,
  "top10-AUC": 0.4085011369733783,
  "top100-AUC": 0.3944464269961259
}