{
  "top1-AUC": 0.9660192305068737,
  "top10-AUC": 0.8644298773346927,
  "top100-AUC": 0.819055387965167
}