{
  "top1-AUC": 0.8264526454342133,
  "top10-AUC": 0.8185079869894434,
  "top100-AUC": 0.796204426066868
}