{
  "top1-AUC": 0.8170133631784648,
  "top10-AUC": 0.7996487934597227,
  "top100-AUC": 0.7821462462890945
}