{
  "top1-AUC": 0.8342789407619275,
  "top10-AUC": 0.8302884514315818,
  "top100-AUC": 0.8091713366997872
}