{
  "top1-AUC": 0.9944313915293915,
  "top10-AUC": 0.9654226341726829,
  "top100-AUC": 0.8841866304474831
}