{
  "top1-AUC": 0.8891714388807066,
  "top10-AUC": 0.8810714613024578,
  "top100-AUC": 0.8653165191369421
}