{
  "top1-AUC": 0.9476643551756211,
  "top10-AUC": 0.9466766003512197,
  "top100-AUC": 0.9395936491124838
}