{
  "top1-AUC": 0.6664406591373965,
  "top10-AUC": 0.6650728141898276,
  "top100-AUC": 0.6460893537243125
}