{
  "top1-AUC": 0.9923298897710984,
  "top10-AUC": 0.8621764430927291,
  "top100-AUC": 0.8260969742778956
}