{
  "top1-AUC": 0.9917578586200836,
  "top10-AUC": 0.8610199816113132,
  "top100-AUC": 0.825363294899435
}