{
  "top1-AUC": 0.9663913861418507,
  "top10-AUC": 0.9018962106137391,
  "top100-AUC": 0.8698220774185454
}