{
  "top1-AUC": 0.8170383340670325,
  "top10-AUC": 0.8062765513506884,
  "top100-AUC": 0.7830884059518428
}