{
  "top1-AUC": 0.807970819240465,
  "top10-AUC": 0.8011462551487062,
  "top100-AUC": 0.7766956992319116
}