{
  "top1-AUC": 0.6389482063645093,
  "top10-AUC": 0.6385312284393847,
  "top100-AUC": 0.6328487058433648
}