{
  "top1-AUC": 0.9802136812609155,
  "top10-AUC": 0.9778977793572525,
  "top100-AUC": 0.9676754693496685
}