{
  "top1-AUC": 0.6248040054940232,
  "top10-AUC": 0.6229016872662115,
  "top100-AUC": 0.6145659523027452
}