{
  "top1-AUC": 0.862622511522054,
  "top10-AUC": 0.7149963242187303,
  "top100-AUC": 0.47309684410156067
}