{
  "top1-AUC": 0.969374053229292,
  "top10-AUC": 0.8663787540740182,
  "top100-AUC": 0.8153194568820094
}