{
  "top1-AUC": 0.8216268597299242,
  "top10-AUC": 0.8071940708613807,
  "top100-AUC": 0.7840902625023394
}