{
  "top1-AUC": 0.9870648063807286,
  "top10-AUC": 0.9852001908067652,
  "top100-AUC": 0.9749860257758756
}