{
  "top1-AUC": 0.9537813198534474,
  "top10-AUC": 0.8333637454443115,
  "top100-AUC": 0.6609857355556198
}