{
  "top1-AUC": 0.8172745358325582,
  "top10-AUC": 0.802020298946483,
  "top100-AUC": 0.7826049744792404
}