{
  "top1-AUC": 0.9908788515089267,
  "top10-AUC": 0.8610460529325992,
  "top100-AUC": 0.8244532639819727
}