{
  "top1-AUC": 0.9478132095465036,
  "top10-AUC": 0.947003708097869,
  "top100-AUC": 0.9401842019117442
}