{
  "top1-AUC": 0.8851449164485182,
  "top10-AUC": 0.8597553595656682,
  "top100-AUC": 0.8188236934845395
}