{
  "top1-AUC": 0.9477303126274984,
  "top10-AUC": 0.9465779075686249,
  "top100-AUC": 0.9403475411576819
}