{
  "top1-AUC": 0.4948835026099654,
  "top10-AUC": 0.4709252587224997,
  "top100-AUC": 0.43915314198211497
}