{
  "top1-AUC": 0.9690695595093924,
  "top10-AUC": 0.962599437195903,
  "top100-AUC": 0.9462202636703574
}