{
  "top1-AUC": 0.8389197459051209,
  "top10-AUC": 0.8265504877320689,
  "top100-AUC": 0.7866896510269735
}