{
  "top1-AUC": 0.9696815605180272,
  "top10-AUC": 0.9665998207856402,
  "top100-AUC": 0.9562514808061742
}