{
  "top1-AUC": 0.7200179999998235,
  "top10-AUC": 0.7092660000000547,
  "top100-AUC": 0.6920220000000329
}