{
  "top1-AUC": 0.4738750784069287,
  "top10-AUC": 0.4227353862566802,
  "top100-AUC": 0.38371353983010165
}