{
  "top1-AUC": 0.8321835208653748,
  "top10-AUC": 0.8169497536418158,
  "top100-AUC": 0.8011293030974117
}