{
  "top1-AUC": 0.8310950602523766,
  "top10-AUC": 0.8154716618037572,
  "top100-AUC": 0.7878692705118482
}