{
  "top1-AUC": 0.41664604956016577,
  "top10-AUC": 0.41435523224563914,
  "top100-AUC": 0.398226770079618
}