{
  "top1-AUC": 0.5567890290550438,
  "top10-AUC": 0.5492132494580555,
  "top100-AUC": 0.5358549866069419
}