{
  "top1-AUC": 0.9480322363268678,
  "top10-AUC": 0.9470178044301251,
  "top100-AUC": 0.939589415670635
}