{
  "top1-AUC": 0.5253619948934828,
  "top10-AUC": 0.5229564470708054,
  "top100-AUC": 0.4971912811702084
}