{
  "top1-AUC": 0.5469753007396614,
  "top10-AUC": 0.5380622678661758,
  "top100-AUC": 0.5144666716772257
}