{
  "top1-AUC": 0.630049350921589,
  "top10-AUC": 0.6261613547593066,
  "top100-AUC": 0.6090135455016127
}