{
  "top1-AUC": 0.41446865810431427,
  "top10-AUC": 0.407063119281212,
  "top100-AUC": 0.3951055032680613
}