{
  "top1-AUC": 0.8700856694289998,
  "top10-AUC": 0.8658792170905936,
  "top100-AUC": 0.8047792759254251
}