{
  "top1-AUC": 0.9866052603426544,
  "top10-AUC": 0.8574230059417106,
  "top100-AUC": 0.8218245254043764
}