{
  "top1-AUC": 0.6676531211717295,
  "top10-AUC": 0.6663645243189165,
  "top100-AUC": 0.6474635779348977
}