{
  "top1-AUC": 0.4244956526951711,
  "top10-AUC": 0.40717849811173545,
  "top100-AUC": 0.3949181049446953
}