{
  "top1-AUC": 0.9836324822138304,
  "top10-AUC": 0.9814185813893862,
  "top100-AUC": 0.971205663949055
}