{
  "top1-AUC": 0.7111964150977443,
  "top10-AUC": 0.6945209255821313,
  "top100-AUC": 0.6649318933881365
}