{
  "top1-AUC": 0.552645736347409,
  "top10-AUC": 0.5501815305830701,
  "top100-AUC": 0.525072481068604
}