{
  "top1-AUC": 0.7693263474443122,
  "top10-AUC": 0.767627216651741,
  "top100-AUC": 0.7438488161338807
}