{
  "top1-AUC": 0.7653099999999313,
  "top10-AUC": 0.7544060000001872,
  "top100-AUC": 0.7273640000000003
}