{
  "top1-AUC": 0.5268011652588799,
  "top10-AUC": 0.5233065978104529,
  "top100-AUC": 0.5188735866966798
}