{
  "top1-AUC": 0.8935986487626307,
  "top10-AUC": 0.8920808188783905,
  "top100-AUC": 0.8613750078347161
}