{
  "top1-AUC": 0.5541935225720521,
  "top10-AUC": 0.5378952752276449,
  "top100-AUC": 0.4606857839737313
}