{
  "top1-AUC": 0.9889240899494427,
  "top10-AUC": 0.8594190985858837,
  "top100-AUC": 0.8231356555863405
}