{
  "top1-AUC": 0.8515707395880954,
  "top10-AUC": 0.8447532439395294,
  "top100-AUC": 0.8269454959021528
}