{
  "top1-AUC": 0.6659325145448001,
  "top10-AUC": 0.592077162358915,
  "top100-AUC": 0.48781639516121034
}