{
  "top1-AUC": 0.413358094300559,
  "top10-AUC": 0.4047659116408138,
  "top100-AUC": 0.38978321349639
}