{
  "top1-AUC": 0.9630189999999728,
  "top10-AUC": 0.9611749999999741,
  "top100-AUC": 0.9422649999999178
}