{
  "top1-AUC": 0.9908109322095922,
  "top10-AUC": 0.8985306533500694,
  "top100-AUC": 0.8045854222679223
}