{
  "top1-AUC": 0.7364084843208344,
  "top10-AUC": 0.6907962163501232,
  "top100-AUC": 0.6660566988272958
}