{
  "top1-AUC": 0.8777235322110222,
  "top10-AUC": 0.8751811460968978,
  "top100-AUC": 0.8366657959192088
}