{
  "top1-AUC": 0.4297126755764254,
  "top10-AUC": 0.4131577182727279,
  "top100-AUC": 0.4020849991536075
}