{
  "top1-AUC": 0.750427000000155,
  "top10-AUC": 0.7389930000000003,
  "top100-AUC": 0.7303110000000002
}