{
  "top1-AUC": 0.6847477067504391,
  "top10-AUC": 0.6738872624092728,
  "top100-AUC": 0.6422091778996215
}