{
  "top1-AUC": 0.8719810000000411,
  "top10-AUC": 0.8703200000000425,
  "top100-AUC": 0.8429339999998791
}