{
  "top1-AUC": 0.49428468316857727,
  "top10-AUC": 0.48982304589920134,
  "top100-AUC": 0.4717521936190181
}