{
  "top1-AUC": 0.988999448597722,
  "top10-AUC": 0.9858293313099435,
  "top100-AUC": 0.9757102040215309
}