{
  "top1-AUC": 0.9904228793383645,
  "top10-AUC": 0.9872150998741327,
  "top100-AUC": 0.9733255492259671
}