{
  "top1-AUC": 0.5191293407263333,
  "top10-AUC": 0.5146592858411243,
  "top100-AUC": 0.5042356344630539
}