{
  "top1-AUC": 0.5870274680884802,
  "top10-AUC": 0.40331371178788084,
  "top100-AUC": 0.3373013126785465
}