{
  "top1-AUC": 0.806773723101587,
  "top10-AUC": 0.8004075013462391,
  "top100-AUC": 0.781695175263161
}