{
  "top1-AUC": 0.4916046051168791,
  "top10-AUC": 0.4839487730941263,
  "top100-AUC": 0.45246583923792766
}