{
  "top1-AUC": 0.752987585703588,
  "top10-AUC": 0.6193985066260435,
  "top100-AUC": 0.6101968912383479
}