{
  "top1-AUC": 0.8214609999999397,
  "top10-AUC": 0.8193889999999403,
  "top100-AUC": 0.7921090000001649
}