{
  "top1-AUC": 0.8151825212977284,
  "top10-AUC": 0.8075590266776077,
  "top100-AUC": 0.7807777940650256
}