{
  "top1-AUC": 0.674692096956734,
  "top10-AUC": 0.6651050421396226,
  "top100-AUC": 0.6489679907659971
}