{
  "top1-AUC": 0.9077810000000616,
  "top10-AUC": 0.896533999999897,
  "top100-AUC": 0.877406999999841
}