{
  "top1-AUC": 0.9918534825852621,
  "top10-AUC": 0.9896850708693251,
  "top100-AUC": 0.9786883664446017
}