{
  "top1-AUC": 0.41728944130277823,
  "top10-AUC": 0.4148382582302799,
  "top100-AUC": 0.39836088788370805
}