{
  "top1-AUC": 0.9690023357154126,
  "top10-AUC": 0.8553386205810224,
  "top100-AUC": 0.8166200557945112
}