{
  "top1-AUC": 0.9323465362864425,
  "top10-AUC": 0.9170475087299715,
  "top100-AUC": 0.8680835622136388
}