{
  "top1-AUC": 0.7868942318566438,
  "top10-AUC": 0.6040755651118976,
  "top100-AUC": 0.587120169008417
}