{
  "top1-AUC": 0.4165276286386026,
  "top10-AUC": 0.4138382524005933,
  "top100-AUC": 0.3978900484197125
}