{
  "top1-AUC": 0.9035699999999816,
  "top10-AUC": 0.8470759999998821,
  "top100-AUC": 0.8288360000001479
}