{
  "top1-AUC": 0.9922938957530241,
  "top10-AUC": 0.9902968946910218,
  "top100-AUC": 0.9813092320052369
}