{
  "top1-AUC": 0.846807848788717,
  "top10-AUC": 0.8298001710681588,
  "top100-AUC": 0.8135869706814638
}