{
  "top1-AUC": 0.5088451541180367,
  "top10-AUC": 0.5069717273210629,
  "top100-AUC": 0.5019846921191821
}