{
  "top1-AUC": 0.8431013147495809,
  "top10-AUC": 0.8248308911117076,
  "top100-AUC": 0.8028264506926884
}