{
  "top1-AUC": 0.6699107336877642,
  "top10-AUC": 0.6688541329753185,
  "top100-AUC": 0.6506350665908232
}