{
  "top1-AUC": 0.7256479810680581,
  "top10-AUC": 0.7141701168771237,
  "top100-AUC": 0.6741693929342778
}