{
  "top1-AUC": 0.607235791709334,
  "top10-AUC": 0.5970040923709262,
  "top100-AUC": 0.5883114546053806
}