{
  "top1-AUC": 0.9921363534819558,
  "top10-AUC": 0.9869837616385805,
  "top100-AUC": 0.9704750691991346
}