{
  "top1-AUC": 0.8692170000000436,
  "top10-AUC": 0.8583579999999467,
  "top100-AUC": 0.8396009999998775
}