{
  "top1-AUC": 0.9780908318071609,
  "top10-AUC": 0.9759612839162844,
  "top100-AUC": 0.9659003022897141
}