{
  "top1-AUC": 0.4594059261075676,
  "top10-AUC": 0.4155686065235208,
  "top100-AUC": 0.3820969955602051
}