{
  "top1-AUC": 0.41717165964933756,
  "top10-AUC": 0.41591716594829015,
  "top100-AUC": 0.40042047174930817
}