{
  "top1-AUC": 0.6161883196319599,
  "top10-AUC": 0.6107791728897838,
  "top100-AUC": 0.5920225646741696
}