{
  "top1-AUC": 0.6790833438186921,
  "top10-AUC": 0.6728523033593798,
  "top100-AUC": 0.6393554515861977
}